a55b68e06b59,Ben Skeggs,4
672007957846,Jeremy Fitzhardinge,1
a10e9e1dbb39,Ben Skeggs,4
1a97b4ace09d,Younes Manton,1
26cfa81357b6,Ben Skeggs,4
ffe2dee49023,Christoph Bumiller,1
33dbc27f1ab3,Ben Skeggs,4
7962fce9a052,Ilya Zykov,1
a6707f830e39,Colin Cross,4
2b374956f3af,JP Abgrall,1
cae9bf11ef0d,Colin Cross,4
71b2c82bdf67,Arve HjÃ¸nnevÃ¥g,7
e801e128b220,Bhavesh Parekh,1
06a1074e1c78,Colin Cross,4
eb943f6be011,San Mehat,5
58526090ece3,Christopher Lais,1
4755b72e2614,San Mehat,5
4964cd41cd96,San Mehat,5
3c762a49b120,Arve HjÃ¸nnevÃ¥g,7
8bfe15f3de0a,Mike Lockwood,1
16b665543864,Arve HjÃ¸nnevÃ¥g,7
5249f4883045,Arve HjÃ¸nnevÃ¥g,7
3537cdaa1620,San Mehat,5
0445f1548fc6,Arve HjÃ¸nnevÃ¥g,7
81057ec1ded5,Arve HjÃ¸nnevÃ¥g,7
fdfc8089429b,San Mehat,5
f4dc23861d9d,Greg Kroah-Hartman,3
e59bbb8ea3fb,Greg Kroah-Hartman,3
c11a166cd4c1,Colin Cross,4
c1b197ae67a2,Arve HjÃ¸nnevÃ¥g,7
23687af9317c,Corentin Chary,1
355b0502f6ef,Greg Kroah-Hartman,3
c8381c15b14b,Axel Lin,4
782ee87702fb,Axel Lin,4
b870defebde4,Jingoo Han,1
3d461c912462,Sean MacLennan,6
d37e0208df56,Sean MacLennan,6
3b28499c5519,Sean MacLennan,6
ea74fedced82,Sean MacLennan,6
f1c602f9991c,Sean MacLennan,6
80c0d83aec52,Sean MacLennan,6
28998e005bb6,Andreas Ruprecht,2
c1fcc4c9bd50,Martyn Welch,1
6d3ff1cc99eb,Andreas Ruprecht,2
d83fb184945c,Thomas Meyer,1
201320435d01,Xi Wang,2
2a58b19fd97c,Xi Wang,2
fee6433bdd1a,Marcos Paulo de Souza,6
ca76edebce4a,Marcos Paulo de Souza,6
f001d7e28c2e,Marcos Paulo de Souza,6
6318237691e2,Marcos Paulo de Souza,6
ac31e9e8e67c,Marcos Paulo de Souza,6
428c1fb50ec5,Marcos Paulo de Souza,6
9a8f5e07200d,Mark Brown,1
bf55499e6ee9,Stephen Warren,1
741e8c2d8177,Axel Lin,4
b21cb324f141,Axel Lin,4
341975bf3af8,Jussi Kivilinna,3
2deed786d993,Jussi Kivilinna,3
7f4e3e3fa5ba,Jussi Kivilinna,3
ec2a5466b3ce,stephen hemminger,1
614c76df1d12,Dmitry Kravkov,1
5dc5503f5a40,Dan Carpenter,2
746ae30f821a,Dan Carpenter,2
7e02e5433e00,Wolfgang Grandegger,4
b440752d5dc9,Wolfgang Grandegger,4
c7e963f68888,Robert Marklund,1
1839a6c6f1eb,Wolfgang Grandegger,4
e92036a6516d,RongQing.Li,1
115d2a3de2fd,Wolfgang Grandegger,4
